p,p_lo,p_hi,used_points
2.8988203868257336e-16,-3.5544549951729656e-16,3.635990377030676e-16,5
